Presion_kPa,Temperatura_C,vf_m3kg,vg_m3kg,hf_kJkg,hg_kJkg,sf_kJkgK,sg_kJkgK
1,6.97,0.001000,129.19,29.30,2513.7,0.1059,8.9749
10,45.81,0.001010,14.670,191.81,2583.9,0.6492,8.148
50,81.32,0.001030,3.240,340.54,2645.2,1.091,7.593
100,99.61,0.001043,1.694,417.51,2675.0,1.302,7.358
200,120.21,0.001061,0.8857,504.71,2706.3,1.530,7.127
500,151.83,0.001093,0.3748,640.09,2748.1,1.860,6.821
1000,179.88,0.001127,0.1943,762.51,2777.1,2.138,6.585